num_of_day,title_of_itin,num_of_view,num_of_reply,places
10,shirley_yln的中国台湾行程,821,19,武汉·台北·新竹·台中市·台南·高雄市·垦丁
4,凤凰花馥的中国台湾香港行程,161,0,杭州·香港·台北
7,我的中国台湾七日游线路,888,9,杭州·台北·花莲·垦丁
4,肥仔毛的中国台湾泰国日本韩国行程,29,0,槟城·台北·东京·首尔·曼谷
4,凤凰花馥的中国台湾香港行程,98,0,杭州·香港·台北
2,万Marlboro的中国台湾行程,96,0,龙岩·台北
4,我的中国台湾二日游线路,344,0,厦门·金门县
1,雍轩逸的中国台湾行程,72,0,上海·台北
6,渔之乐.的中国台湾香港行程,79,0,福州·厦门·鼓浪屿·福鼎·太姥山·点头镇
10,中国-台湾,391,1,垦丁·台北
8,台湾参考行程,1049,33,上海·台北·花莲县·垦丁·高雄市
12,2016春节台湾环岛游参考行程,527,10,台北·九份·花莲县·垦丁·垦丁国家公园·高雄市·台南市·台中市
12,台湾环岛,752,8,台北·九份·花莲县·垦丁·垦丁国家公园·高雄市·台南市·台中市
15,台湾1,34,1,台北·九份·花莲县·垦丁·垦丁国家公园·高雄市·台南市·嘉义·南投·淡水·平溪
12,2017国庆台湾,25,0,台北·九份·花莲县·垦丁·垦丁国家公园·高雄市·台南市·台中市
num_of_reply,num_of_day,title_of_itin,num_of_view,places
19,10,shirley_yln的中国台湾行程,821,武汉·台北·新竹·台中市·台南·高雄市·垦丁
0,4,凤凰花馥的中国台湾香港行程,161,杭州·香港·台北
9,7,我的中国台湾七日游线路,888,杭州·台北·花莲·垦丁
0,4,肥仔毛的中国台湾泰国日本韩国行程,29,槟城·台北·东京·首尔·曼谷
0,4,凤凰花馥的中国台湾香港行程,98,杭州·香港·台北
0,2,万Marlboro的中国台湾行程,96,龙岩·台北
0,4,我的中国台湾二日游线路,344,厦门·金门县
0,1,雍轩逸的中国台湾行程,72,上海·台北
0,6,渔之乐.的中国台湾香港行程,79,福州·厦门·鼓浪屿·福鼎·太姥山·点头镇
1,10,中国-台湾,391,垦丁·台北
33,8,台湾参考行程,1049,上海·台北·花莲县·垦丁·高雄市
10,12,2016春节台湾环岛游参考行程,527,台北·九份·花莲县·垦丁·垦丁国家公园·高雄市·台南市·台中市
8,12,台湾环岛,752,台北·九份·花莲县·垦丁·垦丁国家公园·高雄市·台南市·台中市
1,15,台湾1,34,台北·九份·花莲县·垦丁·垦丁国家公园·高雄市·台南市·嘉义·南投·淡水·平溪
0,12,2017国庆台湾,25,台北·九份·花莲县·垦丁·垦丁国家公园·高雄市·台南市·台中市
num_of_day,title_of_itin,places,num_of_reply,num_of_view
10,shirley_yln的中国台湾行程,武汉·台北·新竹·台中市·台南·高雄市·垦丁,19,821
4,凤凰花馥的中国台湾香港行程,杭州·香港·台北,0,161
7,我的中国台湾七日游线路,杭州·台北·花莲·垦丁,9,888
4,肥仔毛的中国台湾泰国日本韩国行程,槟城·台北·东京·首尔·曼谷,0,29
4,凤凰花馥的中国台湾香港行程,杭州·香港·台北,0,98
2,万Marlboro的中国台湾行程,龙岩·台北,0,96
4,我的中国台湾二日游线路,厦门·金门县,0,344
1,雍轩逸的中国台湾行程,上海·台北,0,72
6,渔之乐.的中国台湾香港行程,福州·厦门·鼓浪屿·福鼎·太姥山·点头镇,0,79
10,中国-台湾,垦丁·台北,1,391
8,台湾参考行程,上海·台北·花莲县·垦丁·高雄市,33,1049
12,2016春节台湾环岛游参考行程,台北·九份·花莲县·垦丁·垦丁国家公园·高雄市·台南市·台中市,10,527
12,台湾环岛,台北·九份·花莲县·垦丁·垦丁国家公园·高雄市·台南市·台中市,8,752
15,台湾1,台北·九份·花莲县·垦丁·垦丁国家公园·高雄市·台南市·嘉义·南投·淡水·平溪,1,34
12,2017国庆台湾,台北·九份·花莲县·垦丁·垦丁国家公园·高雄市·台南市·台中市,0,25
7,心_ai的中国行程,上海·高雄市·垦丁·台北,2,129
13,17年国庆台湾趴趴走,广州·澳门·高雄市·垦丁·恒春·台东·屏东·绿岛·花莲·台北·新北市·九份·平溪,1,77
13,宋小鹿的台湾行程,武汉·台北·花莲·台中市·南投·桃园·上海,1,115
25,BERNICERUAN的香港澳门台湾泰国马来西亚行程,台山·澳门·香港·台北·九份·花莲·垦丁·亚庇·曼谷·清迈,0,79
10,2014年11月份台湾10日游之垦丁花莲台北,上海·高雄市·垦丁·枋寮·台东县·花莲·花莲县·太鲁阁国家公园·台北·新北市,60,3378
9,"与""旧""中国一步之遥！",上海·高雄市·垦丁·台东县·花莲县·太鲁阁国家公园·平溪·九份·台北,38,1702
6,cassie121106的中国行程,上海·高雄市·垦丁·台北,3,139
8,麦子文的中国行程,上海·台北·台中市·南投·花莲·九份,0,88
7,我的中国香港七日游线路,北京·台北·九份·花莲县·垦丁·香港,12,1099
7,美丽美物的中国行程,上海·高雄市·台中市·澎湖·台北·金门,0,59
7,渡海锦鲤穷鱼的中国行程,青岛·高雄市·台中市·澎湖·台北·金门,0,32
6,fadingsummer的中国行程,南京·高雄市·垦丁·台北,0,61
7,askaxu的台湾行程,上海·台北·高雄市·垦丁,2,91
6,简单心境的中国行程,温州·台北·淡水·九份,2,125
8,毛毛猪yanyan的中国行程,广州·高雄市·垦丁·台北,4,231
10,台湾参考行程,上海·台北·平溪·九份·花莲县·花莲·垦丁·高雄市,1,135
8,台湾-台北-花莲-垦丁-参考,上海·台北·花莲县·垦丁·高雄市,1,187
12,台湾12天参考行程,台北·九份·花莲县·垦丁·垦丁国家公园·高雄市·台南市·台中市,0,44
12,台湾参考行程,台北·九份·花莲县·垦丁·垦丁国家公园·高雄市·台南市·台中市,0,37
14,14天台湾参考行程,台北·花莲县·高雄市·垦丁·嘉义·台中市·彰化县·新北市,0,60
12,台湾参考行程,台北·九份·花莲县·垦丁·垦丁国家公园·高雄市·台南市·台中市,0,56
8,台湾参考行程,上海·台北·花莲县·垦丁·高雄市,0,48
8,台湾,上海·台北·花莲县·垦丁·高雄市,0,48
8,台湾8日游,上海·台北·花莲县·垦丁·高雄市,0,32
8,台湾8日游,上海·台北·花莲县·垦丁·高雄市,0,41
8,台湾参考行程2,上海·台北·花莲县·垦丁·高雄市,0,31
8,台湾行-Kelly,上海·台北·花莲县·垦丁·高雄市,0,102
8,台湾参考行程,上海·台北·南投县·花莲县·垦丁·高雄市·桃园县·桃园市,0,120
11,台湾11日,台北·淡水·九份·花莲县·垦丁·垦丁国家公园·兰屿·台南市·台南,0,91
8,台湾9日游,上海·台北·南投县·花莲县·垦丁·高雄市·桃园县·桃园市,5,351
9,萤火717的中国行程,北京·台北·宜兰·台中市·垦丁·恒春,0,74
8,爱柠绿的猫的台湾行程,广州·台北·苗栗·台中市·南投·胡志明市,0,19
11,独行侠：女：台湾11日游,广州(中国)·台北·淡水·新北市·野柳·暖冬峡谷·九份·基隆庙口·基隆市,37,2369
7,粒粒的台湾之行完美版,北京·台北·南投县·垦丁·恒春·九份·平溪,29,1330
9,yangyou83的台湾行程,中国·台湾·台北·花莲县·九份,10,427
7,罗倩同学的中国行程,重庆·台北·台中市·南投,0,110
15,丁小丁0825的台湾行程,温州·台湾·台中市·高雄市·垦丁·绿岛·花莲县·九份·台北·淡水,9,706
11,我的中国十一日游线路,台湾·台北·花莲县·台东县·垦丁·高雄市·台南·嘉义·九份,2,128
7,艳小胖的中国行程,北京·高雄市·台中市·澎湖·台北·金门,1,63
7,michaelleon的台湾七日游线路,上海·高雄市·垦丁·台北·平溪,8,919
7,雯雯Constance的中国行程,青岛·高雄市·台中市·澎湖·台北·金门,0,70
7,2015年2月台湾7天6晚亲子游,龙岗·香港·台中·台中市·高雄市·高雄左营·垦丁·垦丁海生馆·海生馆·清境农场·南投县·深圳,7,1321
8,priscilla_ye的台湾八日游线路,中国·台北·南投县·九份·淡水,0,130
7,两个锅盔一碗面的中国行程,东营·台北·花莲·垦丁·鹿港,0,55
16,lisaab85的台湾之行,中国·台北·平溪·九份·花莲县·垦丁·高雄市·台中市·鹿港,5,248
8,台湾8日游,上海·台北·南投县·花莲县·垦丁·高雄市·桃园县·桃园市,0,223
8,台湾,上海·台北·南投县·花莲县·垦丁·高雄市·桃园县·桃园市,0,142
8,台湾9天,上海·台北·南投县·花莲县·垦丁·高雄市·桃园县·桃园市,0,165
10,台湾11,台北·淡水·九份·花莲县·垦丁·垦丁国家公园·兰屿·台南市,0,95
11,台湾11天,台北·淡水·九份·花莲县·垦丁·垦丁国家公园·兰屿·台南市·台南,0,145
12,台湾12日游,台北·九份·花莲县·垦丁·垦丁国家公园·高雄市·台南市·台中市,0,0
6,严严双的台湾行程,杭州·台北·台中市,2,32
11,台湾,台北·淡水·九份·花莲县·垦丁·垦丁国家公园·兰屿·台南市·台南,0,99
12,台湾参考行程2,台北·九份·花莲县·垦丁·垦丁国家公园·高雄市·台南市·台中市,0,2
8,李平 台湾参考行程,上海·台北·花莲县·垦丁·高雄市,0,4
8,台湾8日游,上海·台北·花莲县·垦丁·高雄市,0,3
8,台湾参考行程,上海·台北·花莲县·垦丁·高雄市·桃园县,0,3
8,台湾8天,上海·台北·花莲县·垦丁·高雄市,0,14
10,台湾10,上海·台北·平溪·九份·花莲县·垦丁·高雄市·桃源县,3,255
12,台湾,台北·九份·花莲县·垦丁·垦丁国家公园·高雄市·台南市·台中市,0,52
9,台湾,平潭·台北·瑞芳镇（九份）·瑞芳·花莲县·垦丁·高雄市·上海,0,122
9,台湾2,台北·瑞芳镇（九份）·瑞芳·花莲县·垦丁·高雄市·台中市·海口,0,119
12,台湾游12天,台北·九份·花莲县·垦丁·垦丁国家公园·高雄市·台南市·台中市,0,48
10,上海出发台湾10日游,上海·台北·平溪·九份·花莲县·垦丁·高雄市·桃源县,1,71
11,台湾之旅,台北·淡水·九份·花莲县·垦丁·垦丁国家公园·兰屿·台南市·台南,0,49
11,台湾11日游,台北·淡水·九份·花莲县·垦丁·垦丁国家公园·兰屿·台南市·台南·高雄市,0,49
11,台湾11日游,台北·淡水·九份·花莲县·垦丁·垦丁国家公园·兰屿·台南市·台南·高雄市,0,41
11,台湾8天三人行,台北·淡水·九份·花莲县·垦丁·垦丁国家公园·兰屿·台南市·台南·高雄市,0,59
9,台湾9日游,台北·花莲县·高雄市·台南市·嘉义·台中市·彰化县·新北市,0,50
9,台湾10天9晚高雄进台北出,台北·花莲县·高雄市·台南市·嘉义·台中市·彰化县·新北市,0,48
7,少女免葱的台湾八日游线路,杭州中国·台湾·台北·台中市·南投县·九份·花莲县·杭州,23,764
9,nbudoudou的中国行程,宁波·高雄市·垦丁·花莲·台北,5,132
7,讨厌红楼梦的中国行程,杭州·台北·垦丁·台中市·嘉义·南投,4,265
7,cyrus阳的中国行程,广州·高雄市·垦丁·台北,3,155
8,KUROJ的中国行程,北京·台北·台中市·台南·高雄市·垦丁·花莲,2,151
7,心_ai的中国行程,上海·高雄市·垦丁·台北,2,129
13,17年国庆台湾趴趴走,广州·澳门·高雄市·垦丁·恒春·台东·屏东·绿岛·花莲·台北·新北市·九份·平溪,1,77
25,BERNICERUAN的香港澳门台湾泰国马来西亚行程,台山·澳门·香港·台北·九份·花莲·垦丁·亚庇·曼谷·清迈,0,79
8,台湾8天游,广州·台北·桃园市·高雄市·垦丁·屏东县·恒春·花莲县·阳明山·淡水,79,2494
7,全家暑假台湾行,中国·台北·花莲县·垦丁·高雄市·台中市,34,1573
6,cassie121106的中国行程,上海·高雄市·垦丁·台北,3,139
13,宋小鹿的台湾行程,武汉·台北·花莲·台中市·南投·桃园·上海,1,115
8,麦子文的中国行程,上海·台北·台中市·南投·花莲·九份,0,88
7,我的中国香港七日游线路,北京·台北·九份·花莲县·垦丁·香港,12,1099
7,美丽美物的中国行程,上海·高雄市·台中市·澎湖·台北·金门,0,59
7,渡海锦鲤穷鱼的中国行程,青岛·高雄市·台中市·澎湖·台北·金门,0,32
6,fadingsummer的中国行程,南京·高雄市·垦丁·台北,0,61
7,askaxu的台湾行程,上海·台北·高雄市·垦丁,2,91
6,简单心境的中国行程,温州·台北·淡水·九份,2,125
8,毛毛猪yanyan的中国行程,广州·高雄市·垦丁·台北,4,231
9,沈李达的中国行程,无锡·台北·九份·花莲·台湾,0,16
8,台湾,上海·台北·宜兰县·花莲县·南投县·太鲁阁国家公园·新竹,3,204
11,Jocelyn-Z的中国行程,上海·台北·花莲·垦丁·高雄市·台中市,3,277
6,LauraV587的中国行程,上海·台北·台中市·高雄市·垦丁·花莲,2,93
7,台湾,中国·台北·花莲县·花莲·垦丁·高雄市·台中市,3,96
10,台湾9日游,中国·台北·台中市·南投县·高雄市·垦丁·台东县·绿岛·花莲县·九份,2,165
10,我的中国十日游线路,长沙·台北·花莲县·台东县·垦丁·高雄市·台南·台中市,2,288
10,不如算了的中国行程,北京·台北·台中市·南投·台南·高雄市·垦丁·花莲,2,102
16,天天天啊2012冬季台湾环岛游,香港·桃园·台中市·南投·台南·高雄市·垦丁·恒春·台东·花莲·太鲁阁国家公园·宜兰·基隆市·平溪·新北市·台北·淡水,1,102
7,super露露酱的中国行程,深圳·高雄市·垦丁·台北,1,214
10,臭了个嗨的中国行程,温州·台北·鹿港·高雄市·垦丁·南投·九份·基隆市,1,113
15,困兽这渣的台湾十五日游线路,广州·澳门·桃园市·台北·淡水·新北市·平溪·九份·宜兰县·礁溪·花莲县·垦丁·高雄市·台湾·中国,0,121
15,我的日本中国十五日游线路,温州·大阪·京都·东京·台北·花莲县·垦丁,0,146
10,我的日本台湾中国十日游线路,温州·台北·九份·花莲县·垦丁·大阪·京都·箱根·东京,0,199
12,台湾,澳门·高雄市·垦丁·台中市·嘉义·枋寮·花莲·花莲县·太鲁阁国家公园·台北·新北市·淡水·桃园市,0,241
9,DQ台湾游,北京·福州·台北·淡水·垦丁·厦门,0,250
11,耕聖一的台湾十一日游线路,中国广州·台湾·台北·九份·平溪·花莲县·垦丁·高雄市·北投·广州,4,112
7,我的中国七日游线路,上海·连云港·日照·台北·九份·花莲县,0,83
7,我的中国七日游线路,赣州·深圳·台北·淡水·九份·金瓜石,0,47
12,新奇士绵绵冰的台湾马来西亚行程,广州·高雄市·垦丁·台北·亚庇·沙巴,0,347
8,台湾－探寻古老中国的影子,重庆·台北·花莲县·花莲·垦丁国家公园·高雄市·高雄,92,3028
12,skying_li台湾泰国马来u,台北·黄金湾·鹿特丹·德拉敦·卡拉克·亚庇·曼谷·北京,0,164
7,6月的天~我只身一人在台湾【从北到南】,中国澳门·台北·花莲县·垦丁·恒春·高雄市,1,153
8,2013国庆姐姐妹妹游台湾,上海·台北·平溪线·九份·台中·高美湿地·日月潭·清境农场·台中市·垦丁,4,756
8,啊剑游台湾,桃园市·高雄市·垦丁·台东县·台北·台湾·温州,0,181
9,我的中国九日游线路,上海·高雄市·台中市·澎湖县·台北·金门县,0,83
7,萌小晶晶的中国行程,武汉·高雄市·垦丁·台北,1,323
7,风动云动心动的中国行程,上海·台北·新北市·九份·花莲县·垦丁,3,531
15,我的15天台湾自驾之旅,重庆·香港·桃园市·台北·淡水·新北市·新竹·彰化县·鹿港·南投县·嘉义·高雄市·垦丁·花莲县,4,314
12,sbfbaggio的中国行程,台北·台中市·南投县·高雄市·垦丁国家公园·屏东县·台东县·花莲县·九份,2,763
9,christinehan的中国行程,上海——香港——台北·台北——清境农场·清境农场——高雄·高雄——垦丁·垦丁——花莲·花莲县·花莲——台北·台北·香港,2,435
14,台湾,北京·澳门·桃园县·台中市·鹿港·嘉义·阿里山·台南·高雄市·垦丁·台东县·花莲县·平溪·九份·台北·淡水,2,546
7,我的荷兰中国行程,成都·阿姆斯特丹·羊角村·台北·嘉义·淡水,0,306
7,我的中国七日游线路,郑州·台北·九份·花莲县,1,248
7,我的中国七日游线路,上海·成都·台北·九份·花莲县,1,239
7,我的中国七日游线路,重庆·台北·九份·花莲县,1,143
10,niki78415的澳门台湾马来西亚十日游线路,台湾·澳门·亚庇·台北·九份·花莲县·垦丁,0,307
15,xguan0805的中国行程,北京·桃园机场·台中市·南投县·彰化县·台南市·高雄市·台北·新北市,1,561
8,台湾8日,中国上海·台北·花莲县·平溪,1,332
9,台湾四人小分队,中国·台北·九份·垦丁·高雄市·高雄,1,419
8,2014年9月台湾游,中国·高雄市·垦丁·台北·新北市·九份·宜兰县·淡水·香港,1,360
7,栗子唐朝的的台湾六日游线路,中国·台湾·台北·九份·平溪·花莲县·高雄市,2,178
11,不叫NONONO的台湾行程,中国·台北·高雄市·垦丁·花莲县·平溪·九份,2,228
6,台湾台湾,中国·台北·新北市·平溪·花莲县·太鲁阁国家公园,0,236
7,我的中国七日游线路,阜阳·台北·九份·花莲县,0,85
7,我的中国七日游线路,沈阳·台北·九份·花莲县,0,69
7,我的中国七日游线路,天津·台北·九份·花莲县,0,162
7,我的中国七日游线路,太原·台北·九份·花莲县,0,97
7,我的中国七日游线路,太原·台北·九份·花莲县,0,64
7,Aiyueyou的中国七日游线路,长春·台北·九份·花莲县,0,99
7,我的中国七日游线路,上海·丽水·台北·九份·花莲县,0,125
7,我的中国七日游线路,广州·台北·九份·花莲县,0,143
7,我的中国七日游线路,广州·台北·九份·花莲县,0,76
13,台湾行程,中国·台北·平溪·九份·基隆市·宜兰县·新北市·花莲县·太鲁阁国家公园·台东县·垦丁·屏东县·高雄市·台南·嘉义·台中市·南投县·鹿港·彰化县·新竹,3,258
12,nvnvyeNZ-台湾-十一日游线路,中国·台北·台南·高雄市·垦丁·台东县·池上·花莲县·宜兰县,0,118
8,miew的中国行程,台北·花莲县·恒春,0,632
9,假装爱旅行的中国行程,上海·台北·淡水·九份·基隆市·花莲·花莲县,0,234
8,janetmq的中国行程,台北·新北市·九份·宜兰县·花莲县·上海,0,678
10,幽篁林的中国行程,台北·宜兰县·花莲县·高雄市·嘉义·九份,0,542
11,童靠靠的中国行程,台北·花莲县·台东县·垦丁·高雄市·嘉义·南投县,0,374
9,人生没有002的中国行程,上海·福州·台北·礁溪·宜兰县·罗东·花莲县·台南市·高雄市·厦门,0,484
12,邹小毅的微博的中国行程,台中市·台北·北投·新北市·淡水·高雄市,0,470
8,RickyKok的中国行程,香港·桃园县·台北·淡水,0,346
14,台湾蜜运,广州·南昌·香港·高雄市·垦丁·恒春·花莲县·花东公路·九份·台北,0,469
10,我的中国法国十日游线路,广州·高雄市·台南·台中市·台北·南投·巴黎,0,55
7,我的中国七日游线路,佛山·高雄市·垦丁·台北,0,28
7,我的中国七日游线路,贵阳·高雄市·垦丁·台北,0,28
9,年华05的中国行程,上海·高雄市·垦丁·花莲·台北,0,9
7,施大方的中国行程,上海·高雄市·垦丁·台北,0,4
8,bclucy的中国行程,香港·高雄市·垦丁·台北,0,1
8,bclucy的中国行程,香港·高雄市·垦丁·台北,0,3
7,yolandakoh的马来西亚台湾泰国韩国蒙古行程,柔佛州·吉隆坡·曼谷·乌兰巴托·首尔·台北·亚庇,0,334
7,我的中国七日游线路,合肥·台北·台中市·南投,0,23
10,我的中国十日游线路,珠海·台北·宜兰·南投·垦丁·高雄市·屏东·台中市·桃园,0,57
7,蓝蓝的欣的中国行程,广州·台北·台中市·南投,0,52
7,我的中国七日游线路,上海·台北·垦丁·花莲县,1,172
7,台湾游参考行程,中国·台北·花莲县·垦丁·高雄市·台中市,0,21
7,和扣仔的台湾旅游,中国·台北·花莲县·垦丁·高雄市·台中市,0,20
7,我的中国七日游线路,青岛·台北·桃园市·高雄市·垦丁,0,109
6,我的中国六日游线路,洛阳·高雄市·台中市·澎湖·台北·金门,0,47
6,lucy_czz的中国行程,南京·高雄市·台中市·澎湖·台北·金门,0,32
7,我的中国七日游线路,纽约·台北·南投县·九份,0,144
7,Spraise的中国行程,广州·高雄市·台中市·澎湖·台北·金门,0,19
10,我的中国十日游线路,济南·台北·淡水·九份·花莲县·垦丁·高雄市,2,147
10,老妹国庆台湾游,香港·台北·台中市·花莲县·九份·平溪,2,214
7,我的中国七日游线路,,0,84
11,耕聖一的台湾十一日游线路,中国广州·台湾·台北·九份·平溪·花莲县·垦丁·高雄市·北投·广州,4,112
7,我的中国七日游线路,上海·连云港·日照·台北·九份·花莲县,0,83
7,我的中国七日游线路,赣州·深圳·台北·淡水·九份·金瓜石,0,47
7,6月的天~我只身一人在台湾【从北到南】,中国澳门·台北·花莲县·垦丁·恒春·高雄市,1,153
9,我的中国九日游线路,上海·高雄市·台中市·澎湖县·台北·金门县,0,83
9,台湾,中国·台北·九份·垦丁·高雄市·台中市,0,8
7,我的中国七日游线路,郑州·台北·九份·花莲县,1,248
7,我的中国七日游线路,上海·成都·台北·九份·花莲县,1,239
7,我的中国七日游线路,重庆·台北·九份·花莲县,1,143
8,台湾参考行程1,上海·台北·宜兰县·花莲县·南投县·太鲁阁国家公园·新竹,1,69
14,台湾参考行程,上海·台湾·台北·新北市·台中市·南投县·高雄市·垦丁,1,34
10,台湾,上海·台北·新北市·九份·基隆市·平溪·南投县·清境农场·台中市·猫空·北投·淡水·阳明山,1,47
7,栗子唐朝的的台湾六日游线路,中国·台湾·台北·九份·平溪·花莲县·高雄市,2,178
7,我的中国七日游线路,阜阳·台北·九份·花莲县,0,85
7,我的中国七日游线路,沈阳·台北·九份·花莲县,0,69
7,我的中国七日游线路,天津·台北·九份·花莲县,0,162
7,我的中国七日游线路,太原·台北·九份·花莲县,0,97
7,我的中国七日游线路,太原·台北·九份·花莲县,0,64
7,Aiyueyou的中国七日游线路,长春·台北·九份·花莲县,0,99
7,我的中国七日游线路,上海·丽水·台北·九份·花莲县,0,125
7,我的中国七日游线路,广州·台北·九份·花莲县,0,143
7,我的中国七日游线路,广州·台北·九份·花莲县,0,76
12,nvnvyeNZ-台湾-十一日游线路,中国·台北·台南·高雄市·垦丁·台东县·池上·花莲县·宜兰县,0,118
10,台湾,中国·台北·九份·平溪·花莲县·垦丁·恒春·高雄市·台中市·南投县·淡水·成都,0,20
8,台湾游8日游,中国·台北·淡水·新北市·九份·平溪·花莲县·太鲁阁国家公园·香港,0,120
9,台湾台北-花莲-垦丁,中国·台北·九份·平溪·花莲县·垦丁·恒春·高雄市·南投县·深圳,0,59
8,参考行程台湾9日游胡一刀,台北·淡水·花莲县·高雄市·南投县·台中市·温州,0,156
7,台湾参考行程,龙岗·香港·台中·台中市·高雄市·高雄左营·垦丁·垦丁海生馆·海生馆·清境农场·南投县·深圳,0,92
8,台湾参考行程2,北京·天津·香港·台北·宜兰县·礁溪·花莲县·九份·新北市·平溪·中国,0,56
8,台湾行,香港·台北·花莲县·九份·淡水·北投,0,37
10,台湾游,上海·台北·嘉义·垦丁·恒春·台东县·花莲县·花莲·淡水,0,29
7,台湾,中国·台北·花莲县·垦丁·高雄市·台中市,0,42
8,台湾经典八日游2,上海·台北·宜兰县·花莲县·南投县·太鲁阁国家公园·新竹,0,72
10,我的中国法国十日游线路,广州·高雄市·台南·台中市·台北·南投·巴黎,0,55
9,法国中国泰国9日游行程单(巴黎-尼斯-香港-澳门..),沈阳·台北·香港·澳门·曼谷·巴黎·凡尔赛·普罗旺斯·尼斯,0,228
7,我的中国七日游线路,邵阳·台北·台中市·南投县,0,25
9,力力力力力籽的中国行程,香港·台北·高雄市·垦丁·九份,0,441
11,我的中国行程,上海·台北·淡水·新北市·高雄市·垦丁·花莲县,0,428
9,danbing1012的中国行程,石家庄·台北·花莲·垦丁·高雄市·台湾·台中市,0,5
7,姥姥的台湾记忆,北京·台北·新北市·桃园,0,41
8,薛太太爱旅行的台湾行程,中国·台湾·台中市·阿里山·高雄市·花莲县·台北·九份·海口,1,199
6,yonna的中国行程,台北·新北市,0,251
7,山老表的中国行程,成都·高雄市·台中市·澎湖·台北·金门,0,7
11,只吃西瓜的猫的中国行程,台北·台北市·台中市·高雄市·垦丁·恒春,0,254
13,砂锅豆腐的中国行程,桃园县·花莲县·台东县·嘉义·南投县·台中市·台北·新北市,1,602
10,小夹饼的台湾之行,北京·澳门·高雄市·台北·桃园·香港,0,3
11,Amy凤的台湾越南泰国行程,成都·台北·垦丁·高雄市·澎湖·桃园·胡志明市·曼谷,0,8
7,我的中国七日游线路,温州·宁波·台北·九份·花莲县,0,29
7,我的中国行程,连州·高雄市·垦丁·台北,0,125
10,我的中国行程,鄂州·台北·台中市·南投县·嘉义·垦丁·高雄市,0,95
10,sabrinalush的中国行程,高雄市·垦丁国家公园·屏东县·垦丁·花莲县·台北,0,268
9,v陆柒v的中国行程,桃园县·台北·高雄市·垦丁·花莲县·九份,0,296
10,yansion8804的中国行程,香港·台北·九份·平溪·花莲县·太鲁阁国家公园·垦丁·高雄市·南投县·台中市,0,306
11,磐小小的中国行程,台北·淡水·新竹·台中市·彰化县·台南市·高雄市,0,544
10,台湾大台北的行程,中国广州·台中市·南投县·垦丁·台北·平溪·金瓜石·新北市·淡水·中国,0,280
30,我要去游玩的香港台湾马来西亚新加坡韩国行程,南宁·亚庇·吉隆坡·新加坡·香港·首尔·釜山·台北·花莲县·垦丁·高雄市,0,70
45,vvv1111的台湾日本香港泰国马来西亚行程,台湾·高雄市·垦丁·花莲县·台北·大阪·京都·奈良·亚庇·沙巴·曼谷·清迈·香港,0,361
40,中国蒙男的印度四十日游线路,北京·德里·阿格拉·斋普尔·瓦拉纳西·焦特布尔·乌代布尔·加尔各答·孟买·杰伊瑟尔梅尔·克久拉霍·阿姆利则·菩提伽耶·热那克普·果阿·班加罗尔·大吉岭,0,190
9,暑假台湾,深圳·台北·马祖·基隆市,0,76
7,我的中国七日游线路,北京·台北·台中市·南投县,0,25
10,希爷_2010的中国行程,台北·九份·台南市·垦丁·高雄市,1,243
10,我的马来西亚台湾泰国行程,深圳·高雄市·垦丁·花莲县·台北·亚庇·斗湖·仙本那·清迈,0,101
13,wwwyan221的中国行程,台北·新北市·宜兰县·花莲县·台南市·高雄市,0,321
8,liupizi的中国行程,台北·台中市·南投县·彰化县·台东县·兰屿,0,696
10,点大王的中国行程,台北·南投县·台南市·台中市·垦丁·高雄市,0,504
18,未来台湾行程的补充参考行程,北京·桃园县·台北·淡水·新北市·九份·基隆市·宜兰县·花莲县·台东县·垦丁·高雄市·台南·嘉义·南投县·台中市·鹿港,1,330
8,走斑马线的猫的中国行程,台北·新北市·花莲县·垦丁·高雄市·淡水,0,472
8,西瓜and青蛙's台湾行程,广州·珠海·澳门·台北·平溪·九份·新北市·基隆市·花莲·垦丁·台东·高雄市,0,21
6,sh_gw的中国行程,台北,0,279
12,熊熊他老爸的中国行程,台北·清境·日月潭·阿里山·嘉义·高雄市·垦丁·垦丁国家公园·野柳·九份·新北市·平溪,1,551
13,西映夕影的中国行程,台北·九份·淡水·桃园县·新竹·苗栗县·台中市·鹿港·台南市·高雄市·屏东县·恒春·垦丁·台东县·花莲县·宜兰县·新北市,0,297
8,我的中国中国八日游线路,北京·台北·九份·花莲县,0,92
7,我的中国七日游线路,昆明·台北·九份·花莲县,0,149
7,陈大大1111的台湾行程,中国北京·台湾·台北·高雄市·宜兰县·屏东县·垦丁·中国,1,189
8,观点60的中国行程,台北·桃园县·垦丁国家公园·台中市,0,292
10,骚年~让我们误打误撞撒开腿飞奔吧~台湾,九份·台北·上海·高雄市·垦丁·花莲县·恒春·淡水,0,600
15,夷夏的中国行程,香港·高雄市·台南市·垦丁·恒春·台东县·花莲县·台北·上海,0,468
9,Alex_Ko的中国行程,香港·台北·九份·南投县·台南市·新北市·高雄市·垦丁·恒春·台东县·花莲县,0,559
10,love love 台湾行,泉州·台北·高雄市·台南·花莲县·淡水,0,329
7,我的中国七日游线路,北京·台北·九份·花莲县,0,51
9,zhaobeyond的台湾行程,郑州·台北·台湾·淡水·台东,0,21
9,参考行程-台湾,北京·台北·九份·花莲县·南投县·台中市·中国,0,30
16,台湾环岛,澳门·桃园市·台中市·中国·彰化县·鹿港·南投县·嘉义·台南·垦丁·高雄市·花莲县·台东县·台北·九份·平溪·新北市,0,158
7,我的中国七日游线路,广州·台北·台中市·南投,0,45
8,台湾游,香港·台湾·台北·高雄市·垦丁·淡水·九份·平溪·屏东县,4,69
10,台湾8天游~,北京·台北·桃园市·高雄市·垦丁·屏东县·恒春·花莲县·阳明山·淡水·香港,4,94
8,台湾,香港·台北·鹿港·云林县·嘉义·台南·高雄市·中国,0,73
9,台湾游,上海·高雄市·垦丁·琉球屿·台中市·南投县·台北·九份·淡水,2,59
8,我的中国八日游线路,长沙·台北·九份·花莲县·兰屿·垦丁,0,29
11,台湾最佳参考行程,中国广州·台湾·台北·九份·平溪·花莲县·垦丁·高雄市·北投·广州,0,44
10,台湾10日行,上海·高雄市·垦丁·花莲县·台北,1,80
15,Zoe的台湾一十五日沿海环岛,上海·台北·台中市·南投县·高雄市·垦丁·台东县·花莲县·新北市·九份·平溪,1,87
7,备选台湾5-7,上海·高雄市·垦丁·台北·平溪,1,97
7,我的中国七日游线路,北京·台北·宜兰县·花莲县·垦丁,1,35
6,橘子味超人b的中国行程,广州·高雄市·垦丁·台北,0,25
12,吴小雄masha的中国行程,台北·彰化县·南投县·台南市·高雄市·垦丁·花莲县,0,235
6,yanglingty的中国行程,台北·新北市,2,464
15,深圳台湾自由行的行程,中国·台北·淡水·九份·平溪·花莲县·南投县·台东县·垦丁·高雄市·嘉义·台中市,0,53
25,豆芽粉丝的马来西亚柬埔寨越南香港台湾行程,广州·暹粒·金边·亚庇·斗湖·仙本那·胡志明市·美奈·台北·香港,0,30
8,gccoffee的中国行程,台北·台中市·南投县·新北市·九份·北投·杭州,0,249
7,妮Q的中国行程,上海·台北·台中市·台南·高雄市·垦丁·花莲,0,6
8,水滴石穿fresh的中国行程,台北·台南市·台中市,0,544
11,joy84914的中国行程,台北·新北市·花莲县·垦丁国家公园·屏东县·南投县,0,272
8,小小小蔡在路上的中国行程,台北·台中市·基隆市·花莲县·垦丁国家公园·高雄市·香港,0,283
10,LULUXU的中国行程,高雄市·垦丁·垦丁国家公园·花莲县·屏东县·九份·台北·平溪·新北市·淡水,0,309
12,我的中国行程,北京·台北·嘉义·瑞芳·九份·花莲县·垦丁·台南市,0,309
8,大叶叶嗨的中国行程,武汉·台北·九份·花莲·台东·垦丁,0,12
9,elainty的中国行程,杭州·台北·新北市·花莲县·垦丁国家公园·高雄市,0,433
10,火车开了的中国行程,台北,0,336
8,lunamingchi的中国行程,香港·台北·花莲县,0,359
13,吾儿名叫黄小宝的中国行程,上海·台北·新北市·垦丁国家公园·高雄市,0,291
11,Leicaer的中国行程,台北·基隆市·宜兰县·台中市·花莲县·台南市·台东县·高雄市·垦丁国家公园,1,629
10,快乐农夫的中国行程,台北·新北市·花莲县·垦丁国家公园·屏东县·基隆市,1,350
13,日光的中国行程,台北·台中市·高雄市·垦丁·花莲县·新北市,1,355
15,lolikong的中国行程,台北·九份·新北市·平溪·花莲县·垦丁·恒春·高雄市·台南市·嘉义·彰化县·南投县,1,622
15,yayaly的中国行程,台北·花莲县·天祥·大禹岭·清境农场·台中高美湿地·台中市·鹿港·布袋渔港·七股盐山·台南市·嘉义·高雄市·垦丁恒春·垦丁·兰屿·台东县·瑞穗温泉·南澳·宜兰县·淡水,1,350
11,小灰尘的中国行程,台北·新北市·野柳·九份·台东县·绿岛·花莲县·清境·台中市,0,250
18,我的中国行程,基隆市·台北·桃园县·新竹·苗栗县·台中市·南投县·彰化县·云林县·嘉义·台南市·高雄市·屏东县·垦丁国家公园·台东县·花莲县·苏澳·宜兰县·新北市,0,395
10,潇潇dhona的中国行程,台北·新北市·花莲县·垦丁国家公园·高雄市·台中市,0,266
10,tang1471的中国行程,台北·新北市·台中市·高雄市·垦丁国家公园·屏东县·花莲县·基隆市,0,351
8,丢丢MM长大了的中国行程,台北·花莲县·垦丁国家公园·屏东县·高雄市,0,252
9,陈对对的中国行程,高雄市·琉球屿·台南市·台中市·南投县·台北,0,381
8,林乐乐的中国行程,高雄市·台南市·台北·台中市,0,258
14,林德西的中国行程,台北·新北市·宜兰县·花莲县·垦丁国家公园·高雄市·台中市·南投县·彰化县·上海,0,318
10,台湾行－2,中国·台北·九份·平溪·花莲县·垦丁·恒春·高雄市·台中市·南投县·淡水·成都,0,41
8,参考-台湾3,广州·台北·桃园市·高雄市·垦丁·屏东县·恒春·花莲县·阳明山·淡水,0,71
8,广州出发台湾,广州·台北·桃园市·高雄市·垦丁·屏东县·恒春·花莲县·阳明山·淡水,0,134
8,参考行程-台湾,中国·台北·垦丁·淡水·北京,0,34
7,参考行程，台湾,中国·台北·花莲县·垦丁·高雄市·台中市,0,125
7,台湾,中国·台北·花莲县·垦丁·高雄市·台中市,0,30
12,台湾参考行程,上海·台北·高雄市·垦丁·花莲,0,7
10,趴趴闪电的中国行程,北京·台中市·澎湖·嘉义·南投·淡水·台北,0,8
7,shery007的中国行程,福州·高雄市·垦丁·台北,0,3
9,台湾 参考行程,上海·台北·高雄市·垦丁·屏东县·恒春·花莲·花莲县·阳明山·淡水,0,5
13,13708983141的新加坡台湾中国行程,青岛·台北·平溪·高雄市·垦丁·新加坡·九份·花莲,0,3
9,台湾,中国·台湾·台北·花莲县·九份,0,41
7,台湾6,中国·台北·花莲县·垦丁·高雄市·台中市,0,153
7,台湾7日,中国·台北·花莲县·垦丁·高雄市·台中市,0,182
7,台湾,中国·台北·花莲县·垦丁·高雄市·台中市,0,102
8,酵ing的中国行程,上海·香港·台北·平溪线·中坜·高雄市·垦丁国家公园·垦丁,0,292
6,酥糖流蜜的中国行程,台北·花莲县·台中市·宜兰县,0,361
12,毛家大毛的中国行程,台北·新竹·苗栗县·台中市·嘉义·台南市·台东县·绿岛,0,488
8,记忆散落了的中国行程,台北·花莲县·垦丁国家公园·台南市·台中市,0,228
8,小彬Zt3的中国行程,台北·新北市·花莲县·南投县·香港·宜兰县,0,320
8,小锅junjun的中国行程,高雄市·台南市·台北·台中市,0,242
9,考拉嘟嘟小辛的中国行程,台北·垦丁,0,319
15,客官你在看什么的中国行程,台北·台中市·台南市·高雄市·花莲县·宜兰县,1,430
10,Allen30059的中国行程,台北·普吉岛·皮皮岛·曼谷,0,376
6,icy刘月媚的中国行程,台北·九份·宜兰县·花莲县,1,335
9,45度角i的中国行程,昆明·台北·宜兰·花莲·垦丁·恒春·桃园,0,25
8,amott的中国行程,台北·台中市·台南市·高雄市·垦丁国家公园·基隆市·嘉义·宜兰县,0,452
11,shiboyi的中国行程,上海·香港·台北·新北市·台中市·嘉义·生日·基隆市,0,655
10,我的中国行程,台北·新北市·高雄市·台南市·垦丁国家公园,0,291
10,MonarchH的中国行程,台北·台中市·南投县·花莲县·嘉义·台南市·高雄市·垦丁,0,246
8,台湾,中国·台中市·南投县·高雄市·垦丁·花莲县·台北,0,37
40,中国蒙男的印度四十日游线路,北京·德里·阿格拉·斋普尔·瓦拉纳西·焦特布尔·乌代布尔·加尔各答·孟买·杰伊瑟尔梅尔·克久拉霍·阿姆利则·菩提伽耶·热那克普·果阿·班加罗尔·大吉岭,0,190
9,暑假台湾,深圳·台北·马祖·基隆市,0,76
10,小夹饼的台湾之行,北京·澳门·高雄市·台北·桃园·香港,0,3
7,我的中国七日游线路,北京·台北·台中市·南投县,0,25
7,台湾行,中国·台北·花莲县·垦丁·台中市,0,45
8,我的中国中国八日游线路,北京·台北·九份·花莲县,0,92
8,台湾8日游,中国·台北·垦丁·兰屿·花莲县,0,27
7,我的中国七日游线路,昆明·台北·九份·花莲县,0,149
9,Paulette18的中国行程,广州·高雄市·垦丁·花莲·台北,0,30
7,尼罗河等极光的中国行程,北京·高雄市·垦丁·台北,0,36
9,9527加一的中国行程,青岛·高雄市·垦丁·花莲·台北,0,11
25,豆芽粉丝的香港台湾马来西亚柬埔寨越南行程,广州·暹粒·金边·亚庇·斗湖·仙本那·胡志明市·美奈·台北·花莲·垦丁·香港,0,28
25,豆芽粉丝的马来西亚柬埔寨越南香港台湾行程,广州·暹粒·金边·亚庇·斗湖·仙本那·胡志明市·美奈·台北·香港,0,29
31,Easonchua的香港台湾马来西亚泰国行程,昆明·曼谷·清迈·亚庇·沙巴·台北·九份·花莲·垦丁·香港·三亚,0,12
9,海倫公主的中国行程,丽江·高雄市·垦丁·花莲·台北,0,5
10,2018年春节13人台湾,台北·南投·台中市·垦丁·恒春·花莲·九份,0,40
7,台湾我来啦,杭州中国·台湾·台北·台中市·南投县·九份·花莲县·杭州,0,5
15,台湾攻略,中国·台北·淡水·九份·平溪·花莲县·南投县·台东县·垦丁·高雄市·嘉义·台中市,0,3
7,台湾参考2,杭州中国·台湾·台北·台中市·南投县·九份·花莲县·杭州,0,0
8,午心红旗的台湾八日游线路,旧金山湾区·高雄市·垦丁·台北,0,44
6,橘子味超人b的中国行程,广州·高雄市·垦丁·台北,0,25
10,4年后的台湾,澳门·台中市·南投·台北·宜兰·平溪,0,0
25,豆芽粉丝的马来西亚柬埔寨越南香港台湾行程,广州·暹粒·金边·亚庇·斗湖·仙本那·胡志明市·美奈·台北·香港,0,30
7,妮Q的中国行程,上海·台北·台中市·台南·高雄市·垦丁·花莲,0,6
6,台湾1,中国·台北·淡水·九份·花莲县·垦丁·高雄市,0,18
8,大叶叶嗨的中国行程,武汉·台北·九份·花莲·台东·垦丁,0,12
10,台湾参考行程,上海·台北·嘉义·垦丁·恒春·台东县·花莲县·花莲·淡水,0,4
7,台湾8日,杭州中国·台湾·台北·台中市·南投县·九份·花莲县·杭州,0,4
10,2014.11月台湾10日,上海·高雄市·垦丁·枋寮·台东县·花莲·花莲县·太鲁阁国家公园·台北·新北市,0,4
8,2015春节游台湾,台北·香港·瑞芳·菁桐·平溪·十分·九份·花莲县·台湾·中国,0,230
7,KannJi的中国行程,泉州·台北·台中市·南投,0,16
7,我的中国七日游线路,长沙·台北·嘉义·垦丁·南投县,1,122
7,snakex的中国行程,台北·台中市·嘉义·高雄市·垦丁,0,242
7,我的中国七日游线路,上海·台北·嘉义·垦丁·南投县,0,66
10,4年后的台湾,澳门·台中市·南投·台北·宜兰·平溪,0,0
12,恨情歌的中国行程,台北·花莲县·垦丁·高雄市·嘉义·彰化县,0,232
13,原住民风&文艺风&森林秘境台湾行,上海·台北·新竹·南庄乡·苗栗·台南·高雄市·鱼池乡·南投·太鲁阁国家公园·花莲·瑞穗乡·丰滨乡·淡水,0,11
12,baggioustb的中国行程,台北·台中市·南投县·嘉义·台南市·高雄市·垦丁国家公园·台东县·花莲县·基隆市,0,377
11,海伦的影子的中国行程,香港·台北·平溪·台中市·高雄市·垦丁,0,343
9,我的中国九日游线路,上海·台北·九份·花莲县·台湾,0,47
7,我的中国七日游线路,广州·台中市·台北·淡水·屏东县·垦丁,0,48
6,mcao1516的中国行程,重庆·香港·台北·高雄市·垦丁国家公园·垦丁·九份,0,318
6,伍庆霞的中国行程,成都·高雄市·垦丁·台北,0,10
4,celinekonyy的台湾行程,高雄市·台北·台中市,0,141
8,WendyGuo1101的台湾八日游线路,香港中国·台北·台湾·花莲县·淡水·香港,0,89
10,2014-2015台湾跨年行程,中国·台北·台中市·南投县·清境农场·高雄·垦丁,0,334
7,Vivo2013的中国行程,台北·九份·花莲县,9,546
5,keenken的中国行程,高雄市·垦丁·台北,7,1076
10,monicat的台湾马来西亚行程,上海·台北·吉隆坡·亚庇,0,74
8,我的中国八日游线路,上海·台北·南投县·花莲县·平溪,0,124
8,我的中国八日游线路,上海·台北·南投县·花莲县·平溪,0,86
7,我的中国七日游线路,台北·九份·花莲县·上海,1,130
10,WinG瑶的中国行程,台北·台中市·彰化县·南投县·台南市·花莲县·九份·新北市·台东县,1,363
27,martinique的中国行程,香港·台北·新北市·九份·平溪·宜兰县·花莲县·台东县·绿岛·垦丁·恒春·高雄市·台南市·嘉义·南投县·彰化县·台中市·苗栗县,1,407
9,金秀贞的台湾行程,温州·台湾·台北·新北市·南投县·垦丁,0,93
7,我的中国七日游线路,济南·台北·九份·花莲县,0,88
10,豆儿宝宝的中国行程,台北·台中市·高雄市·屏东县·花莲县·台东县·宜兰县·新北市·基隆市,0,269
14,waitingsxy的中国行程,台中市·南投县·嘉义·台南市·高雄市·垦丁国家公园·屏东县·花莲县·苏澳·宜兰县·新北市·台北,0,364
8,可可心水Dayo的中国行程,台北·基隆市·新北市·桃园县·新竹·宜兰县,0,249
8,台湾,上海·台北·宜兰县·花莲县·南投县·太鲁阁国家公园·新竹,0,16
14,台湾14天,广州·台北·九份·花莲县·垦丁·恒春·高雄市·台南·台中市,0,10
14,台湾14天,广州·台北·九份·花莲县·垦丁·恒春·高雄市·台南·台中市,0,14
7,zhudan123的中国行程,深圳·高雄市·台中市·澎湖·台北·金门,0,37
7,我的中国七日游线路,临沂·台中市·台北·淡水·屏东县·垦丁,0,68
7,ck陈的中国行程,北京·台北·台中市·台南·高雄市·垦丁·花莲,0,18
8,台湾1,广州·台北·桃园市·高雄市·垦丁·屏东县·恒春·花莲县·阳明山·淡水,0,48
9,台湾,上海·高雄市·垦丁·花莲县·太鲁阁国家公园·台北,0,49
7,台湾1,中国·台北·花莲县·垦丁·高雄市·台中市,0,64
7,台湾7日游,北京·台北·花莲县·垦丁·高雄市·中国,0,68
10,台湾5月天,天津·香港·台北·高雄市·垦丁·恒春·台东县·花莲县·新北市,0,44
15,台湾1,中国·台北·淡水·九份·平溪·花莲县·南投县·台东县·垦丁·高雄市·嘉义·台中市,0,70
8,台湾,广州·台北·桃园市·高雄市·垦丁·屏东县·恒春·花莲县·阳明山·淡水,0,56
8,台湾之旅,广州·台北·桃园市·高雄市·垦丁·屏东县·恒春·花莲县·阳明山·淡水,0,51
8,台湾之旅,广州·台北·桃园市·高雄市·垦丁·屏东县·恒春·花莲县·阳明山·淡水,0,45
8,上了发条的柚子的中国行程,台北·台中市·高雄市·垦丁·花莲县·淡水,0,246
8,蜗居中的牛的中国行程,台北·台中市·台南市·垦丁·台东县·花莲县·宜兰县,0,209
7,zhudan123的中国行程,深圳·高雄市·台中市·澎湖·台北·金门,0,37
9,我的中国行程,高雄市·垦丁·台中市·台北,0,305
8,爱陳誠的吴生的中国行程,台北·台中市·花莲县·高雄市·垦丁,0,233
7,我的中国七日游线路,临沂·台中市·台北·淡水·屏东县·垦丁,0,68
13,tjjianguo的中国行程,台北·垦丁·花莲县·高雄市·台中市·台南市·台东县·新北市·新竹,0,288
8,小嗲麥豬的台湾行程,上海·九份·新北市·平溪·台中市·花莲县·台北,0,210
7,Francinehu的中国行程,北京·台北·花莲县·苏澳,0,310
7,lengholic的中国行程,台北·高雄市·垦丁·花莲县,0,327
11,zhangsonglin083的中国行程,台北·花莲县,0,393
9,淡淡茶香p的中国行程,台北·新竹·台中市·嘉义·台南市·高雄市·北京,0,334
8,zoocoffee的中国行程,台北·花莲县·垦丁国家公园·高雄市,0,318
16,养猫的狗主人的中国行程,台北·基隆市·新北市·宜兰县·苏澳·花莲县,0,283
8,juliaywd的中国行程,台北·宜兰县·花莲县·台东县·高雄市·嘉义,0,217
6,2017台湾行,香港·台北·嘉义·台中市·高雄市·中国,0,46
8,Ellen-han的台湾八日游线路,上海·台湾,0,110
7,我的中国七日游线路,敦煌·台北·九份·花莲县,0,60
13,Hed9eho9的台湾六日游线路,澳门·台湾·中国,0,23
7,我的中国七日游线路,日照·台北·台中市·南投县,0,49
7,我的中国七日游线路,南昌·台北·嘉义·垦丁·南投县,0,35
12,台湾-参考,北京·桃园市·台中市·南投县·清境·台北·宜兰县·花莲县·太鲁阁国家公园·九份·新北市·平溪,0,109
7,儿子毕业之旅——台湾,中国·台北·高雄市·垦丁·花莲,0,6
5,台湾6日,平潭·台北·中国,0,6
6,20160425台湾游,中国·台北·淡水·九份·花莲县·垦丁·高雄市,0,49
10,台湾行程,中国·高雄市·垦丁·台南·花莲县·九份·台北,0,33
10,Hed9eho9的台湾十一日游线路,台湾·花莲县·台中市·台北·中国,0,20
6,一个有梦地方的台湾六日游线路,青岛·台湾·南投县·中国,0,39
6,城里有一只安妮的台湾六日游线路,广州·台湾·中国,0,25
10,猪猪响叮当的台湾十日游线路,中国·台湾·台北·垦丁·花莲县·九份,0,32
3,2016 台湾行,台中市·台北·桃园市,1,158
7,我的中国七日游线路,敦煌·台北·九份·花莲县,0,60
7,savagexy的中国行程,香港·台中市·台南市·高雄市·嘉义·南投县·鹿港,0,265
16,minamisong的中国行程,台北·花莲县·台南市·宜兰县·基隆市·桃园县·绿岛·澎湖县·高雄市·垦丁,0,492
8,我的中国行程,台北·高雄市·花莲县·南投县·宜兰县·垦丁,0,191
7,我的中国七日游线路,日照·台北·台中市·南投县,0,49
11,台湾14天自由行,中国郑州·台北·基隆市·高雄市,0,270
7,我的中国七日游线路,南昌·台北·嘉义·垦丁·南投县,0,35
5,JzzZ2zzz的中国行程,高雄市·垦丁·台北,0,456
7,annavia2012的中国行程,垦丁国家公园·台北·香港,0,253
6,denver2325的中国行程,台北·九份,0,306
5,MrQ的中国行程,香港·台北·新北市,0,214
7,儿子毕业之旅——台湾,中国·台北·高雄市·垦丁·花莲,0,6
5,我的中国行程,武汉·高雄市·垦丁·花莲县·台北,0,79
16,我的中国行程,台北·新竹·彰化县·台南市·屏东县·垦丁国家公园·台东县·花莲县·宜兰县·新北市,0,282
6,Gavin鵬鵬的中国行程,香港·台北,0,259
5,whkfc的中国行程,上海·台北·淡水·平溪·九份,2,328
3,小螃蟹爱旅游的中国行程,台北,3,426
15,MiSsChEeRiPleY的中国行程,桃园县·台中市·南投县·台南市·高雄市·垦丁国家公园·花莲县·台北,0,403
14,曾怎怎的中国行程,香港·台北·垦丁·花莲县·高雄市·新北市·南投县·新竹·淡水·嘉义·太鲁阁国家公园,0,313
4,台湾台湾,中国·台北,0,255
4,的中国行程,台北·北京,0,192
8,Shelly丁丁的中国行程,澳门·台北·宜兰县·南投县·苗栗县·台中市·高雄市,0,358
9,nemotm的中国行程,台北·基隆市·新北市·宜兰县·新竹·彰化县·高雄市,1,422
5,央羊养样羊羊的中国行程,台北·花莲县·垦丁·香港,1,443
7,lilian87的中国行程,台北·台中市·新竹,0,297
5,sel123的中国行程,台北·九份·台南市,0,280
7,一惊一叹的中国行程,台北·花莲县·台南市·高雄市·台中市,0,222
6,KristyNJ2013的中国行程,南京·台北,0,213
12,管小陆的中国行程,桃园县·台中市·南投县·嘉义·高雄市·恒春·垦丁·花莲县·太鲁阁国家公园·新北市·台北,0,198
9,春季台湾游,中国·台北·新北市·九份·花莲县·北京,0,120
8,台湾8天7晚,中国·台北·九份·花莲·花莲县·垦丁·高雄市·上海,0,12
10,小汗醨的台湾十日游线路,中国·台湾·高雄市·垦丁·花莲县·九份·十分·台北·台中市,0,140
7,台湾一周游,中国·台北·花莲县·垦丁·高雄市·台中市,0,1
11,拴拴redmuyou的台湾九日游线路,中国 上海·台湾·台北·淡水·九份·平溪·花莲县·垦丁·高雄市·澳门,0,157
6,安静底的中国行程,天津·台北·花莲·台湾,0,4
7,台湾7天,中国·台北·花莲县·垦丁·高雄市,0,4
5,Joseph一家的台湾行程,中国·台北·淡水·花莲县,0,73
6,syviaho的台湾游,中国·高雄市·台东县·花莲县·台中市,0,67
7,台湾七日游,高雄市·台中市·中国·台北·花莲县·垦丁,0,3
5,我的台湾澳门中国五日游线路,广州·珠海·澳门·高雄市·垦丁·花莲县·台北,0,104
4,charrrrleen的中国泰国台湾韩国行程,武汉·曼谷·台北·济州岛,0,22
3,我的台湾中国三日游线路,贵阳·台北,0,60
5,我的台湾泰国中国五日游线路,珠海·垦丁·曼谷,0,64
15,aks74ux的台湾十五日游线路,大阪·台北·台湾·中国,0,36
1,Chimnylin的台湾中国行程,厦门·台北,0,29
9,CCCC11111的台湾九日游线路,深圳·台北·台湾·九份·高雄市·台东县·淡水·中国,0,103
7,潘多拉的魔盒88的台湾七日游线路,台北·台湾·中国,0,25
8,台湾,中国·台北·九份·花莲县,0,49
11,user_eA8KKG4G的台湾十一日游线路,中国·台湾,0,26
8,jamesgai88的台湾八日游线路,中国成都·台湾,0,50
12,user_VuLfcYdd的台湾十二日游线路,桃园市·台中市·中国香港·台湾桃园·台南·高雄市·垦丁·台北·九份·台湾,0,54
10,猪猪响叮当的台湾十日游线路,中国·台湾·台北,0,51
2,台湾之旅,淡水·九份·平溪·台北·中国,0,77
7,布袋猪的台湾七日游线路,中国·台湾·台北·高雄市·花莲县,0,31
6,yvette_nana的台湾12日游线路,台北·九份·台湾·中国,0,59
10,玉璇想变强的台湾十日游线路,中国·台湾,0,77
15,傲娇的狗的台湾十五日游线路,中国·台北·台湾,0,82
9,reemei的台湾九日游线路,中国澳门·台湾,0,55
5,五一台湾游,中国·高雄市·垦丁·花莲县·太鲁阁国家公园·台北,0,61
9,jamesgai88的台湾八日游线路,中国·台湾·台北,0,21
5,letgo0727的台湾五日游线路,中国·台湾·台北·屏东县·垦丁,0,27
6,daffodil11的台湾六日游线路,北京·台北·台湾·中国,0,20
9,1176490330的台湾九日游线路,中国·台湾·台北,0,25
12,michellepiglet的台湾十二日游线路,中国·台湾,0,29
5,user_6IC9tD3Wxb的台湾五日游线路,中国北京·台湾·中国,0,22
13,翡翠咖喱鸡的台湾十三日游线路,中国·台湾,0,17
8,台湾亲子,中国·台北·花莲县·台东县·垦丁·高雄市,0,8
7,黑不垃圾的台湾-绿岛-花莲县八日游线路,中国·台湾·台北·花莲县·绿岛,0,70
14,evazhou2002的台湾-台北-台北-台中市-台中市等十四日游线路,中国·台湾·台北·台中市·花莲县,0,71
6,wildajj的台湾六日游线路,中国·台湾,0,36
9,evazhou2002的台湾九日游线路,中国·台湾,0,52
6,hemor的台湾六日游线路,中国·台湾,0,34
10,tb7325197_2013的台湾十日游线路,中国·台湾,0,22
6,高燕凌的台湾六日游线路,中国·台湾,0,25
12,Justin臺灣訂製行程,台北·九份·花莲县·垦丁·垦丁国家公园·高雄市·台南市·台中市,0,191
12,参考行程,台北·九份·花莲县·垦丁·垦丁国家公园·高雄市·台南市·台中市,0,8
14,参考行程,台北·花莲县·高雄市·垦丁·嘉义·台中市·彰化县·新北市,0,14
13,参考行程,台北·九份·花莲县·垦丁·垦丁国家公园·高雄市·台南市·台中市,0,8
12,参考行程,台北·九份·花莲县·垦丁·垦丁国家公园·高雄市·台南市·台中市,0,8
14,参考行程,台北·花莲县·高雄市·垦丁·嘉义·台中市·彰化县·新北市,0,18
12,12天冬日环岛,台北·九份·花莲县·垦丁·垦丁国家公园·高雄市·台南市·台中市,0,11
8,tai参考行程,上海·台北·花莲县·垦丁·高雄市,0,7
8,参考行程,上海·台北·花莲县·垦丁·高雄市,0,6
11,参考行程,台北·淡水·九份·花莲县·垦丁·垦丁国家公园·兰屿·台南市·台南,0,11
14,环岛14天,台北·花莲县·高雄市·垦丁·嘉义·台中市·彰化县·新北市,1,30
12,参考行程,台北·九份·花莲县·垦丁·垦丁国家公园·高雄市·台南市·台中市,0,18
14,国庆环岛14天,上海·台北·花莲县·垦丁·恒春·高雄市·嘉义·九份·台中市,0,24
12,参考行程12,台北·九份·花莲县·垦丁·垦丁国家公园·高雄市·台南市·台中市,0,27
14,参考行程,台北·花莲县·高雄市·垦丁·嘉义·台中市·彰化县·新北市,0,23
12,参考行程1,台北·九份·花莲县·垦丁·垦丁国家公园·高雄市·台南市·台中市,0,33
14,参考行程,台北·花莲县·高雄市·垦丁·嘉义·台中市·彰化县·新北市,0,31
12,a1参考行程,台北·九份·花莲县·垦丁·垦丁国家公园·高雄市·台南市·台中市,0,21
12,参考行程,台北·九份·花莲县·垦丁·垦丁国家公园·高雄市·台南市·台中市,0,20
9,台北,台北·瑞芳镇（九份）·瑞芳·花莲县·垦丁·高雄市·台中市·海口,0,43
12,顺时针,台北·九份·花莲县·垦丁·垦丁国家公园·高雄市·台南市·台中市,0,33
12,参考行程,台北·九份·花莲县·垦丁·垦丁国家公园·高雄市·台南市·台中市,0,32
12,Taiwan 12日,台北·九份·花莲县·垦丁·垦丁国家公园·高雄市·台南市·台中市,0,31
8,参考行程,上海·台北·花莲县·垦丁·高雄市,0,22
8,参考行程,上海·台北·花莲县·垦丁·高雄市,0,16
8,参考行程,上海·台北·花莲县·垦丁·高雄市,0,9
9,参考行程,台北·九份·花莲县·高雄市·台南市·台中市,0,24
11,参考行程,台北·淡水·九份·花莲县·垦丁·垦丁国家公园·兰屿·台南市·台南,0,34
11,参考行程,台北·淡水·九份·花莲县·垦丁·垦丁国家公园·兰屿·台南市·台南,0,42
11,顺势正环岛,台北·淡水·九份·花莲县·垦丁·垦丁国家公园·兰屿·台南市·台南,0,27
7,Yuen&Family的台北-花莲北线游,广州·台北·台中市·瑞芳·菁桐·平溪·猴硐·九份·花莲·花莲县,0,0
8,内容正在审核中,无锡·台北·花莲·台东·垦丁·高雄市,0,4
12,tw001,台北·九份·花莲县·垦丁·垦丁国家公园·高雄市·台南市·台中市,0,45
12,13,台北·九份·花莲县·垦丁·垦丁国家公园·高雄市·台南市·台中市,0,34
12,参考行程,台北·九份·花莲县·垦丁·垦丁国家公园·高雄市·台南市·台南·台中市·上海,0,43
14,参考行程,台北·花莲县·高雄市·垦丁·嘉义·台中市·彰化县·新北市,0,53
12,参考行程,台北·九份·花莲县·垦丁·垦丁国家公园·高雄市·台南市·台中市,0,55
12,参考行程,台北·九份·花莲县·垦丁·垦丁国家公园·高雄市·台南市·台中市,0,31
8,参考行程,上海·台北·南投县·花莲县·垦丁·高雄市·桃园县·桃园市,0,38
15,参考行程,台北·花莲县·高雄市·垦丁国家公园·台南市·嘉义·台中市·彰化县·新北市,0,70
17,参考行程,台北·花莲县·高雄市·垦丁国家公园·台南市·嘉义·台中市·彰化县·新北市,0,25
7,不眠翁的台北行程,杭州·台北·九份·花莲,0,3
15,参考行程,台北·九份·花莲县·垦丁·垦丁国家公园·高雄市·台南市·嘉义·南投·淡水·平溪,0,2
6,暖暖向暖暖出发,台北·花莲·台东·基隆市·新北市·九份·平溪,0,6
9,台北-台中-花莲10日游,台北·花莲县·高雄市·台南市·嘉义·台中市·彰化县·新北市,0,83
9,参考行程,台北·九份·花莲县·垦丁·垦丁国家公园·高雄市·台南市·台中市,0,2
8,8日台北  花莲   垦丁  高雄,上海·台北·花莲县·垦丁·高雄市,0,11
6,liushufang的日本行程,北京·东京,1,6
6,ZHAO SIMON参考行程,杭州·台北·台中市,0,3
12,非公开计划投入风格与计划,台北·九份·花莲县·恒春·垦丁·垦丁国家公园·高雄市·台南市·台南·台中市·淡水,0,97
8,参考行程3,上海·台北·花莲县·垦丁·高雄市,0,7
8,东京5日（样例行程）,上海·东京,0,9
14,台中参考,台北·花莲县·高雄市·垦丁·嘉义·台中市·彰化县·新北市,0,176
9,11,台北·花莲县·高雄市·台南市·嘉义·台中市·彰化县·新北市,0,75
15,15日环台,台北·花莲县·高雄市·垦丁国家公园·台南市·嘉义·台中市·彰化县·新北市,0,63
7,fjbaboon的福州-厦门行程,无锡·福州·厦门·鼓浪屿,7,136
30,印度南北,烟台·昆明·加尔各答·迦耶·菩提伽耶·王舍城·瓦拉纳西·克久拉霍·阿格拉·阿姆利则·德里·斋普尔·杰伊瑟尔梅尔·焦特布尔·乌代布尔·孟买·北京,17,638
25,趙找找君的印度之旅,香港·昆明·加尔各答·西里古里·大吉岭·菩提伽耶·王舍城·瓦拉纳西·瑞诗凯诗·哈里德瓦尔·德里·新德里·杰伊瑟尔梅尔·乌代布尔·孟买,5,230
49,2018印度之行,上海·德里·杰伊瑟尔梅尔·焦特布尔·热那克普·乌代布尔·普什卡·斋普尔·阿格拉·博帕尔·桑奇·Bhusaval ·阿旃陀·埃洛拉·奥兰加巴德·孟买·果阿邦·果阿·帕纳吉·瓦加托·霍斯佩特·亨比·班加罗尔·加尔各答·迦耶·菩提伽耶·瓦拉纳西·克久拉霍·奥尔恰·占西·阿姆利则·昌迪加尔·Kalka·西姆拉,4,372
40,稼民印度之行,上海·德里·杰伊瑟尔梅尔·新德里·焦特布尔·阿布山·乌代布尔·热那克普·普什卡·斋普尔·阿格拉·博帕尔·桑奇·贾尔冈·阿旃陀·埃洛拉·奥兰加巴德·L0NAR·孟买·果阿·帕纳吉·霍斯佩特·亨比·班加罗尔·迈索尔·加尔各答·迦耶·菩提伽耶·瓦拉纳西·克久拉霍,1,153
11,佛陀腳印之旅,香港·德里·勒克瑙·舍卫城·蓝毗尼·拘尸那迦·毗舍离·巴特那·王舍城·菩提伽耶·斯摩棱斯克·瓦拉纳西·阿格拉,1,51
22,olderxu的印度行程,南京·加尔各答·菩提伽耶·瓦拉纳西·克久拉霍·阿格拉·斋普尔·德里,1,155
50,李凡筱月的印度行程,吉隆坡·加尔各答·大吉岭·菩提伽耶·瓦拉纳西·阿格拉·瑞诗凯诗·德里·阿姆利则·斋普尔·焦特布尔·热那克普·乌代布尔·孟买·果阿·科钦·班加罗尔·金奈,1,74
10,团子E菲的行程,中国·台北·九份·平溪·花莲县·垦丁·恒春·高雄市·台中市·南投县·淡水·成都,67,749
7,桐坤Agnes的台北-花莲县-垦丁-高雄市-台北七日游线路,北京·台北·花莲县·垦丁·高雄市·中国,24,584
50,2018年春德南自驾奥匈捷波荷比卢火车游,上海·迪拜·米兰·慕尼黑·罗滕堡·玛丽安广场AVIS取车·纽伦堡·班贝格·维尔茨堡·丁克尔斯比尔·海德堡·拉登堡·巴登-巴登·黑森林·B500号公路·蒙梅尔湖 Mummelsee·弗罗伊登施塔特·希尔塔赫·特里贝格·B500号L128L127L186B294公路·弗赖堡·蒂蒂湖-新城·康斯坦茨·梅尔斯堡·德国腓特烈港·林道·菲森·施万高·玛丽安桥·新天鹅堡·奥巴拉马高·上阿默高Oberammergau·玛丽安广场AVIS还车·萨尔茨堡·维也纳·布达佩斯·布拉格·库特纳霍拉·捷克克鲁姆洛夫·夜火车·克拉科夫·奥斯维辛集中营·维利奇卡盐矿·华沙·柏林·波茨坦·科隆·卢森堡市·菲安登·布鲁塞尔·鹿特丹·海牙·莱顿·阿姆斯特丹·羊角村·赞丹·贝希特斯加登·国王湖畔的舍瑙·拉姆绍,10,1461
6,閞杺_angel的厦门-鼓浪屿-厦门-杭州-南京行程,扬州·厦门·鼓浪屿·杭州·南京·仪征,0,52
17,熊窝窝的印度逆时针自驾,上海·德里·斋普尔·焦特布尔·热那克普·阿格拉·乌代布尔·奥尔恰·克久拉霍·菩提伽耶·瓦拉纳西,0,70
50,Shirley亦雪的印度行程,广州·加尔各答·大吉岭·菩提伽耶·瓦拉纳西·阿格拉·瑞诗凯诗·德里·阿姆利则·斋普尔·焦特布尔·热那克普·乌代布尔·孟买·果阿·科钦·班加罗尔·金奈,0,44
33,赦特细细的印度行程,上海·德里·奥兰加巴德·孟买·乌代布尔·焦特布尔·杰伊瑟尔梅尔·斋普尔·阿格拉·克久拉霍·瓦拉纳西·菩提伽耶·加尔各答,0,21
28,user_MzVKOfkuzj的印度行程,厦门·德里·阿格拉·瓦拉纳西·菩提伽耶·加尔各答·克久拉霍·斋普尔·果阿·孟买·乌代布尔·焦特布尔·杰伊瑟尔梅尔·阿姆利则,0,13
28,user_MzVKOfkuzj的印度行程,厦门·金奈·班加罗尔·热那克普·焦特布尔·阿姆利则·德里·阿格拉·奥尔恰·菩提伽耶·加尔各答·孟买·科钦,0,30
27,user_MzVKOfkuzj的印度行程,厦门·金奈·孟买·德里·阿姆利则·杰伊瑟尔梅尔·焦特布尔·乌代布尔·斋普尔·阿格拉·克久拉霍·瓦拉纳西·菩提伽耶·加尔各答,0,34
7,2018元旦暂定,中国·台北·花莲县·垦丁·高雄市·台中市,0,20
7,silentxyc的厦门日游线路,北京·厦门·鼓浪屿,17,404
5,城市阿川的中国行程,台北·香港,0,264
7,豫商谢耳朵的中国行程,台北·基隆市·高雄市·垦丁·台东县,0,252
7,雅莹小窝的中国行程,台北·九份·淡水·平溪·基隆市,0,258
8,我的中国行程,台北·台中市·花莲县·垦丁国家公园,0,247
8,野兽肉丸的中国行程,台北·台中市·彰化县·高雄市·垦丁国家公园,0,279
11,ww0911的中国行程,台北·基隆市·宜兰县·花莲县·台东县·屏东县·高雄市·台南市·彰化县·台中市·新竹,0,268
6,我的中国行程,台北·南投县·淡水·九份,0,202
10,我的中国行程,台北·花莲县·垦丁国家公园·嘉义·南投县,0,220
10,Hed9eho9的台湾十一日游线路,台湾·花莲县·台中市·台北·中国,0,20
11,sum_l_sum的中国行程,台北·台中市·高雄市·垦丁,0,224
9,芊芊SeniorAngel的中国行程,台北·基隆市·台中市·南投县·高雄市·桃园县,0,304
10,kuyou77的中国行程,台北·台中市·彰化县·台南市·高雄市·垦丁国家公园·兰屿·花莲县,0,337
15,梦中风铃的中国行程,台北·新北市·花莲县·垦丁国家公园·屏东县·琉球屿·高雄市·台南市·台中市·南投县·桃园县,0,273
8,peggy_jiang的中国行程,台北·南投县·垦丁·高雄市,0,270
6,我的中国行程,台北·台中市·花莲县,0,188
12,wheatbread的中国行程,台中市·苗栗县·嘉义·台南市·高雄市·屏东县·花莲县·新北市·桃园县·台北,0,262
8,申小白朵夫斯基的中国行程,台北·鹿港·南投县·九份·淡水,0,237
11,e_11的台湾行程,上海杨浦区·台湾·九份·新北市·宜兰县·高雄市·台北·台中市,0,55
10,路易思彤的中国行程,台北·宜兰县·花莲县·台东县·高雄市·垦丁,0,234
7,LULU是个好人咧的中国行程,台北·花莲县·台中市·高雄市·垦丁国家公园,4,615
15,sammiyuan的中国行程,台北·九份·宜兰县·花莲县·台东县·兰屿·垦丁·宜兰,0,297
8,快乐假期的中国行程,香港·台北·澳门,0,220
14,Jwx9090的中国行程,台北·垦丁·香港·花莲县·高雄市·澳门·淡水·太鲁阁国家公园·澎湖县,0,243
5,forwardojuju的中国行程,台北,0,216
3,bubblexyd的中国行程,台北,0,463
10,猪猪响叮当的台湾十日游线路,中国·台湾·台北·垦丁·花莲县·九份,0,32
10,我的中国行程,台北·基隆市·宜兰县·花莲县·台东县·垦丁国家公园·琉球屿·高雄市,0,297
12,未央宫里的小安的中国行程,台北·花莲县·垦丁国家公园,0,280
12,台湾自由行 tata&江版本,香港·台中市·台北·台南·广州,0,70
14,clover0007的中国行程,台北·淡水·九份·新北市·花莲县·垦丁·高雄市·台南市·嘉义·南投县,0,296
16,苛娜的印度十三日游线路,香港·德里·迦耶·菩提伽耶·加尔各答·瓦拉纳西·科伦坡,0,106
13,苛娜的昆明-加尔各答-迦耶-菩提伽耶-瓦拉纳西等十一日游线路,北京·昆明·加尔各答·迦耶·菩提伽耶·瓦拉纳西·德里,0,128
18,苛娜的昆明-加尔各答-迦耶-菩提伽耶-德里等十四日游线路,咸阳·昆明·加尔各答·迦耶·菩提伽耶·德里·阿格拉·瓦拉纳西,0,78
15,苛娜的泰国十三日游线路,北京·曼谷·加尔各答·菩提伽耶·孟买·德里,0,37
22,苛娜的广州-德里-阿格拉-迦耶-德里等十九日游线路,北京·广州·德里·阿格拉·迦耶·加尔各答·菩提伽耶,0,59
40,啪啪走彩兒的捷克二十九日游线路,台灣省·布拉格·捷克克魯姆洛夫·捷克布傑約維采·泰爾奇·布爾諾·奧洛莫烏茨·克拉科夫·布達佩斯·聖安德烈·埃斯泰爾戈姆·埃格爾·克盧日-納波卡·蒂米什瓦拉·貝爾格萊德·茲拉蒂博爾·薩拉熱窩·莫斯塔爾·杜布羅夫尼克·科托爾·波德戈裏察·科索沃佩奇·普裏茲倫·奧赫裏德·索菲亞·裏拉山·斯科普裏·布拉迪斯拉發,0,102
40,啪啪走彩兒的捷克三十七日游线路,台灣省·布拉格·捷克克魯姆洛夫·捷克布傑約維采·捷克布杰约维采·泰爾奇·泰尔奇·布爾諾·布尔诺·奧洛莫烏茨·奥洛莫乌茨·克拉科夫·布達佩斯·聖安德烈·圣安德烈·維謝格拉德·维谢格拉德·埃斯泰爾戈姆·埃斯泰尔戈姆·克盧日-納波卡·克卢日-纳波卡·蒂米什瓦拉·貝爾格萊德·薩拉熱窩·萨拉热窝·莫斯塔爾·莫斯塔尔·杜布羅夫尼克·杜布罗夫尼克·科托爾·科托尔·波德戈裏察·波德戈里察·科索沃佩奇·普裏茲倫·奧赫裏德·奥赫里德·索菲亞·索菲亚·裏拉山·里拉山·斯科普裏·斯科普里·布拉迪斯拉發·布拉迪斯拉发,0,205
25,苛娜的昆明-加尔各答-迦耶-菩提伽耶-德里等二十二日游线路,咸阳·昆明·加尔各答·迦耶·菩提伽耶·德里·阿格拉·瓦拉纳西·孟买,0,49
37,苛娜的泰国三十五日游线路,北京·曼谷·加尔各答·瓦拉纳西·菩提伽耶·孟买·德里·阿格拉·金奈·班加罗尔·普里·斋普尔·昆明,0,47
10,amypolaris的高雄市一日游线路,上海·高雄市·垦丁·恒春·台中市·南投县·台北·新北市,0,85
9,独角兽1987的一日游线路,上海·高雄国际机场·垦丁·花莲·台北·淡水·九份·新北市,0,26
19,天竺园梦 大闹天竺2,天津·昆明·加尔各答·迦耶·菩提伽耶·王舍城·瓦拉纳西·克久拉霍·阿格拉·马图拉·斋普尔·杰伊瑟尔梅尔·焦特布尔·乌代布尔·孟买,0,115
8,Lcherryf的台北-花莲县-台东-垦丁-台北八日游线路,中国·台北·花莲·台东·垦丁·花莲县,0,197
50,过场相当之多的上海-北京-广州-香港-台北等五十日游线路,成都·上海·北京·广州·香港·台北·澳门·曼谷·清迈·普吉岛·皮皮岛·苏梅岛·吉隆坡·亚庇·兰卡威·沙巴·仙本那·新加坡·大阪·东京·富士山·镰仓,0,179
49,734044838的东南亚行程3,澳门·台中市·彰化·鹿港·台南·高雄市·恒春·垦丁·台东·花莲·宜兰·基隆市·台北·桃园·瑞芳·九份·平溪·淡水·新北市·马尼拉·宿雾市·薄荷岛·杜马盖地·锡基霍尔·克拉克·斯里巴加湾市·纳闽·亚庇·吉隆坡·槟城·兰卡威·瓜埠·巴厘岛·登巴萨·库塔·巴厘岛乌布·乌鲁瓦图·泗水·庞越·塞摩罗拉旺·布罗莫腾格里塞梅鲁国家公园·日惹·婆罗浮屠·万隆·雅加达·茂物·胡志明市·宁平·大叻·芽庄·会安·岘港·顺化·洞海·河内·下龙湾·下龙市·曼谷·素可泰·Si Satchanalai·甘烹碧·彭世洛·华欣·合肥,0,1490
31,苛娜的香港-德里-阿格拉-瓦拉纳西-阿姆利则等行程,上海·香港·德里·阿格拉·瓦拉纳西·阿姆利则·孟买·加尔各答·菩提伽耶·乌代布尔,0,130
50,jellyfish218的印度行程,北京·加尔各答·普里·菩提伽耶·瓦拉纳西·克久拉霍·阿格拉·德里·阿姆利则·普什卡·阿杰梅尔·斋普尔·焦特布尔·杰伊瑟尔梅尔·阿布山·热那克普·乌代布尔·桑奇·曼杜·阿旃陀·埃洛拉·孟买·果阿·亨比·迈索尔·科摩林角·马杜赖·坦贾武尔·本地治里·默哈伯利布勒姆·金奈·苏诺里,0,99
11,Taiwan! Taiwan! in 10 days,中国·桃园市·台北·新北市·北投·淡水·台中市·台南·垦丁,0,73
26,畅游新吉台香澳,广州·深圳·香港·新加坡·吉隆坡·沙巴·亚庇·桃园·台中市·日月潭·高雄市·垦丁·台东·绿岛·台北,0,65
8,TW,中国·台北·花莲县·垦丁·高雄市·台中市,0,24
9,台北--垦丁-绿岛行,苏州·上海·台北·高雄市·垦丁·台东铁花村·绿岛·台东富冈·花莲·淡水·新北市,0,241
50,万达的印度行程,昆明·加尔各答·普里·菩提伽耶·瓦拉纳西·克久拉霍·阿格拉·德里·阿姆利则·普什卡·阿杰梅尔·斋普尔·焦特布尔·杰伊瑟尔梅尔·阿布山·热那克普·乌代布尔·桑奇·曼杜·阿旃陀·埃洛拉·孟买·果阿·亨比·迈索尔·科摩林角·马杜赖·坦贾武尔·本地治里·默哈伯利布勒姆·金奈,0,126
50,杭哥的铁鞋的印度行程,昆明·加尔各答·普里·菩提伽耶·瓦拉纳西·克久拉霍·阿格拉·德里·阿姆利则·普什卡·阿杰梅尔·斋普尔·焦特布尔·杰伊瑟尔梅尔·阿布山·热那克普·乌代布尔·桑奇·曼杜·阿旃陀·埃洛拉·孟买·果阿·亨比·迈索尔·科摩林角·马杜赖·坦贾武尔·本地治里·默哈伯利布勒姆·金奈,0,121
50,杭哥的铁鞋的印度行程,昆明·加尔各答·普里·菩提伽耶·瓦拉纳西·克久拉霍·阿格拉·德里·阿姆利则·普什卡·阿杰梅尔·斋普尔·焦特布尔·杰伊瑟尔梅尔·阿布山·热那克普·乌代布尔·桑奇·曼杜·阿旃陀·埃洛拉·孟买·果阿·亨比·迈索尔·科摩林角·马杜赖·坦贾武尔·本地治里·默哈伯利布勒姆·金奈,0,107
15,WanKim go to india,广州·曼谷·加尔各答·菩提伽耶·瓦拉纳西·阿格拉·斋普尔·新德里,0,72
50,小姩輕的印度行程,成都·加尔各答·普里·菩提伽耶·瓦拉纳西·克久拉霍·阿格拉·德里·阿姆利则·普什卡·阿杰梅尔·斋普尔·焦特布尔·杰伊瑟尔梅尔·阿布山·热那克普·乌代布尔·桑奇·曼杜·阿旃陀·埃洛拉·孟买·果阿·亨比·迈索尔·科摩林角·马杜赖·坦贾武尔·本地治里·默哈伯利布勒姆·金奈,0,91
7,台北-花莲县-九份-台北七日终极版,中国·台北·花莲县·九份·淡水,0,157
30,刃心不任性的印度南部自由行,科伦坡·金奈·本地治里·马杜赖·科摩林角·埃尔纳古勒姆·科钦·迈索尔·霍斯佩特·亨比·果阿·孟买·奥兰加巴德·埃洛拉·阿旃陀·贾尔冈·瑟德纳·克久拉霍·迦耶·菩提伽耶·加尔各答·西里古里·大吉岭·卡卡比塔,9,663
7,台北行程,中国·台北·花莲县·垦丁·高雄市·台中市,8,248
15,苛娜的印度十二日游线路,上海·德里·迦耶·加尔各答·菩提伽耶·伽耶·瓦拉纳西,0,52
3,小样儿的2012的中国行程,台北,1,219
7,grace喵呜的中国行程,台北·花莲县·台东县·南投县,0,231
3,waitingsxy的中国行程,台中市·彰化县·鹿港·南投县,0,275
20,autoname的中国行程,桃园县·台北·垦丁·花莲县·香港·高雄市·九份·台中市·台南市·台东县·嘉义·新北市,0,277
6,ricesamsam的中国行程,台北·马祖,0,335
8,慢吞吞mini的中国行程,台北·花莲县·苏澳,0,233
4,keramomo的中国行程,台北·宜兰县,0,268
10,耳击叉布人土土的中国行程,台北·台中市·台南市·高雄市·垦丁·台东县·花莲县,0,219
14,Miss拔嘎心的中国行程,台北·垦丁·新竹·宜兰县·新北市·九份·高雄市,0,199
21,Allen30059的中国行程,台北·普吉岛·皮皮岛·大城·清莱·拜县·普吉·涛岛·芭堤雅·苏梅岛·华欣·甲米·象岛·素可泰·素叻他尼·春蓬·夜丰颂·清盛·南邦·合艾,0,271
9,老糊涂老糊涂的中国行程,台北·花莲县·台南市·高雄市·台中市·香港·台东县,0,250
6,gilbert1990的中国行程,台中市·花莲县·台北·台东县,0,224
7,Kasgi的中国行程,台北·花莲县·垦丁国家公园,0,330
7,KY超的中国行程,台北·花莲县·高雄市,0,260
9,忠小六的中国行程,台北·香港·花莲县,0,258
4,我的中国行程,台北·香港,0,206
23,6969的中国行程,台北·淡水·基隆市·九份·新北市·宜兰县·花莲县·台东县·绿岛·垦丁·高雄市·屏东县·台南市·南投县·嘉义·台中市·新竹,1,396
20,我是晓梦的中国行程,台北·淡水·新竹·鹿港·台中市·台南市·高雄市·垦丁·台东县·南投县·花莲县·九份·新北市,1,466
8,337977676的中国行程,台北·花莲县·台东县·绿岛,0,272
4,我的中国行程,高雄市·台北,0,212
9,舒雯的中国行程,台北·台中市·花莲县·台东县·垦丁国家公园·高雄市·台南市,0,249
8,rachel9876的中国行程,台北·基隆市·花莲县·新北市·宜兰县,0,221
8,Y远远相望Y的中国行程,台北·花莲县·垦丁国家公园,0,300
7,我的中国行程,台北·九份·新北市·淡水·平溪,0,206
5,sukala的中国行程,台北·垦丁,0,232
10,grace喵呜的中国行程,台北·花莲县·台东县·南投县·新北市,1,458
10,梦醒埘衯的中国行程,台北·花莲县·台南市·高雄市·垦丁国家公园·台中市·彰化县·桃园县,0,308
5,boring君奋斗ing的中国行程,台北·台中市·宜兰县,0,251
9,糖粒子糖的中国行程,台北·宜兰县·花莲县·垦丁国家公园·高雄市·台南市,0,284
3,monsieurxujian的中国行程,台北,0,230
8,13261222808的台北-南投县-嘉义-台东县-花莲县等八日游线路,北京·天津·香港·台北·宜兰县·礁溪·花莲县·九份·新北市·平溪·中国,3,270
9,吉吉3333的台北-九份-花莲县-垦丁-高雄市等九日游线路,中国·台北·淡水·九份·平溪·新北市·花莲县·垦丁·高雄市,3,335
9,likoala的台北一日游线路,中国·淡水·九份·花莲县·宜兰县·台北·新北市,3,247
29,tiger50330的印度行程,北京·加尔各答·金奈·默哈伯利布勒姆·崔琦·马杜赖·班加罗尔·孟买·奥兰加巴德·阿旃陀·埃洛拉·德里·斋普尔·阿格拉·克久拉霍·瓦拉纳西·菩提伽耶,3,55
9,7天,北京·桃园市·高雄市·垦丁·兰屿·绿岛·台东县·花莲县·台北,2,140
11,z431s的台北-花莲县-垦丁-高雄市-台南等十一日游线路,中国·台北·花莲县·垦丁·高雄市·台南·台中市,2,375
15,Wuxian477532的高雄市-垦丁-花莲县-台北十五日游线路,中国澳门·高雄市·垦丁·花莲县·台北·中国,2,269
8,阿咦阿呜的台北-垦丁七日游线路,中国·台北·垦丁·淡水·北京,2,272
14,megazjy的台北-台中市-南投县-高雄市-垦丁等十三日游线路,中国·台北·台中市·南投县·高雄市·垦丁·台东县·绿岛·花莲县·九份·平溪·厦门,2,360
8,Izzie1009的台北-花莲县六日游线路,中国·台北·花莲县·北京,0,89
8,dabriaxkxk21的台北-台中市-高雄市-垦丁-垦丁等九日游线路,澳门·台北·台中市·台南·垦丁·平溪·九份·宜兰县·中国,0,32
11,陌上花开吗的香港-台北-台南-台北-香港十一日游线路,中国·香港·台北·台南,1,341
10,TW-001,澳门·高雄市·台南·垦丁·枋寮·台东县·花莲·花莲县·太鲁阁国家公园·台北·新北市·上海,1,136
9,虹彩妹妹001的台北-台中市-高雄市-垦丁-花莲县九日游线路,中国 武汉·台北·台中市·高雄市·垦丁·花莲县,1,244
8,pink56的台北七日游线路,中国深圳·台北,0,40
7,梯梯梯梯的中国行程,台北·花莲县·高雄市·垦丁国家公园,0,169
7,一惊一叹的中国行程,台北·花莲县·台南市·高雄市·台中市,0,230
11,宇宙琦士的中国行程,台北·基隆市·宜兰县·花莲县·垦丁国家公园·高雄市·台南市·嘉义·台中市,0,282
4,小锅junjun的中国行程,台北,0,234
14,blueiceyang的中国行程,台北·花莲县·台南市·高雄市·台中市·台东县·垦丁国家公园·新竹·宜兰县·基隆市·新北市,0,230
6,听说那片海很美的中国行程,台北·台南市·台中市,0,195
5,听说那片海很美的中国行程,台北,0,179
6,我的中国行程,香港·台北·南投县,0,190
18,waya0326的中国行程,台北·花莲县·垦丁国家公园,0,327
7,1098的中国行程,香港·台北·花莲县,0,221
7,Sweet_Coffee的中国行程,台北·垦丁·高雄市,0,236
9,悠游天下2012的中国行程,台北·基隆市·新北市·宜兰县·台南市·高雄市·屏东县,0,289
7,勤奋的幸福小猪的中国行程,台北·花莲县·垦丁·高雄市·嘉义,0,176
11,CTG_JohnJohn的中国行程,新竹·台北·台中市·垦丁·花莲县·台东县·香港,0,242
3,你要不要这Ge样的中国行程,台北,0,291
16,美西之行,武汉·旧金山·纳帕·圣海伦娜·伯克利·帕洛阿尔托·加利福尼亚州蒙特雷·加利福尼亚州圣荷西·卡梅尔·蒙特雷·大瑟尔·圣西蒙·索夫昂丹麦村·圣巴巴拉·洛杉矶·圣迭戈·拉斯维加斯·金曼·威廉姆斯·大峡谷国家公园·佩吉市·芝加哥·尚佩恩·北京·休斯敦,0,21
29,印度自由行,北京·加尔各答·金奈·崔琦·默哈伯利布勒姆·马杜赖·班加罗尔·孟买·奥兰加巴德·阿旃陀·埃洛拉·德里·斋普尔·阿格拉·克久拉霍·瓦拉纳西·菩提伽耶,0,26
12,单子去垦丁了,广州·香港·台北·新北市·淡水·花莲县·九份·台中市·台南·高雄市·垦丁·厦门,0,34
30,印度行2参考行程,吉隆坡·加尔各答·迦耶·菩提伽耶·王舍城·瓦拉纳西·克久拉霍·阿格拉·阿姆利则·德里·斋普尔·杰伊瑟尔梅尔·焦特布尔·乌代布尔·孟买·曼谷,0,38
7,参考行程福州,无锡·福州·厦门·鼓浪屿,0,8
7,厦门,无锡·福州·厦门·鼓浪屿,0,10
45,参考行程德南,常州·上海·浦东机场·午夜汉莎航空·直飞慕尼黑·慕尼黑机场·酒店与吴双汇合·慕尼黑·玛丽安广场AVIS取车·纽伦堡·班贝格·维尔茨堡·巴特梅根特海姆·丁克尔斯比尔·拉登堡·海德堡·巴登-巴登·黑森林·500号公路·蒙梅尔湖 Mummelsee·弗罗伊登施塔特·希尔塔赫·特里贝格·B500号公路·L128·L127·L186·B294公路·弗赖堡·蒂蒂湖-新城·康斯坦茨·梅尔斯堡·林道·菲森·施万高·玛丽安桥·新天鹅堡·加米施-帕腾基兴·奥巴拉马高·上阿默高Oberaammergau·上阿默高Oberammergau·取车对应时间点前还车·贝希特斯加登·国王湖畔的舍瑙·拉姆绍·萨尔茨堡·哈尔施塔特·傍晚前到维也纳·维也纳·中午前到布达佩斯·布达佩斯·中午后离开布达佩斯·布拉格·库特纳霍拉·捷克克鲁姆洛夫·夜火车·克拉科夫·奥斯维辛集中营·维利奇卡盐矿·华沙·柏林·波茨坦·科隆·卢森堡市·菲安登·布鲁塞尔·安特卫普·鹿特丹·海牙·莱顿·阿姆斯特丹·羊角村·赞丹·多哈,0,106
7,厦门参考1,无锡·福州·厦门·鼓浪屿,0,9
10,参考行程,兰州·台北·平溪·花莲县·太鲁阁国家公园·垦丁·高雄市·成都,0,7
7,参考行程,中国·台北·花莲县·垦丁·高雄市·台中市,0,8
8,sophia0908的印度行程,重庆·加尔各答·菩提伽耶·瓦拉纳西·阿格拉·德里,0,35
14,驢子D_ST0RY的台中市-南投县-高雄市-恒春-垦丁等十三日游线路,台北·台中市·南投县·高雄市·垦丁·恒春·花莲县·九份·中国,8,298
7,参考行程,中国·台北·花莲县·花莲·垦丁·高雄市·台中市,0,16
8,kawing_g的台北-淡水-九份-花莲县-垦丁等十日游线路,中国·台北·淡水·九份·花蓮縣·花莲县,1,235
37,内陆大探险,襄阳·北京·天津·青岛·泰安·上海·苏州·乌镇·杭州·千岛湖·黄山市·庐山·衡山·重庆·成都·峨眉山·乐山,0,43
14,WalkDoo的印度十四日游线路,成都·加尔各答·克久拉霍·斋普尔·焦特布尔·杰伊瑟尔梅尔·阿姆利则·菩提伽耶,0,59
12,小王望川的印度行程,德里·克久拉霍·瓦拉纳西·菩提伽耶·王舍城·巴特那·加尔各答,0,38
13,13610025936的台北-台北-淡水-九份-平溪等十四日游线路,中国·台北·花莲县·台东县·垦丁·高雄市·南投县·台中市·桃源县·嘉义,2,108
22,悬浮的水滴007的大闹天竺,天津·昆明·加尔各答·迦耶·菩提伽耶·王舍城·瓦拉纳西·克久拉霍·马图拉·阿格拉·斋普尔·阿姆利则·德里,3,88
50,印度行（上）,南宁·昆明·加尔各答·孟买·奥兰加巴德·埃洛拉·阿旃陀·果阿·亨比·badami·迈索尔·belur·科钦·奎隆·喀拉拉邦·科摩林角·马杜赖·蒂鲁吉拉帕利·坦贾武尔·贡伯戈讷姆·吉登伯勒姆·本地治里·默哈伯利布勒姆·甘吉布勒姆·金奈·布巴内斯瓦尔·科纳克·西里古里·大吉岭·巴特那·迦耶·菩提伽耶·王舍城·瓦拉纳西·克久拉霍·占西·奥尔恰·阿格拉·婆罗多布尔·Bandikui·斋普尔·焦特布尔·热那克普·乌代布尔·艾哈迈达巴德·昌迪加尔·西姆拉·默纳利,3,221
6,lucyliu319的台北行程,上海·台北·中国,1,58
6,猫渌丫的印度6日游线路,福州·广州·德里·瓦拉纳西·迦耶·菩提伽耶·加尔各答,5,620
8,shensunny的台北-宜兰县-垦丁-高雄市-台中市等八日游线路,中国·台北·宜兰县·垦丁·高雄市·台中市,0,201
26,Baooowa的印度二十六日游线路,香港·德里·阿格拉·斋普尔·瓦拉纳西·菩提伽耶·大吉岭·克久拉霍·加尔各答,2,52
17,穷游虾壳的印度日游线路,西安·曼谷·加尔各答·菩提伽耶·王舍城·瓦拉纳西·德里·阿格拉·斋普尔·焦特布尔·乌代布尔·孟买,2,150
6,qingya2007的厦门-鼓浪屿-厦门二日游线路,中国·厦门·鼓浪屿·西兰公国,1,88
9,深海泥鳅的台北-九份-花莲县-南投县-台中市等八日游线路,北京·台北·九份·花莲县·南投县·台中市·中国,1,372
9,寒冰v恋莹的波兰九日游线路,中国·弗罗茨瓦夫·克拉科夫·华沙,0,88
16,seasunkame的台北-平溪-九份-花莲县-台东县等十二日游线路,中国广州·澳门·台北·基隆市·九份·花莲县·台东县·垦丁·高雄市·台南·台中市·南投县·淡水·中国,1,223
25,利瓦伊的印度二十五日游线路,武汉·加尔各答·大吉岭·瓦拉纳西·斋普尔·阿格拉·德里·乌代布尔·焦特布尔·菩提伽耶,1,54
8,ykbrilliant的印度行程,北京·孟买·阿旃陀·菩提伽耶·拘尸那迦,0,15
17,294455394的印度行程,德里·斋普尔·阿格拉·瓦拉纳西·菩提伽耶·加尔各答,0,239
18,上善8的印度十八日游线路,成都·加尔各答·菩提伽耶·新德里·普什卡·海德拉巴·孟买·艾哈迈达巴德·乌代布尔·斋普尔·阿格拉,0,63
14,user_WNth0zRpe的台北-台中市-南投县-高雄市-垦丁等十四日游线路,中国·台北·台中市·南投县·高雄市·垦丁·花莲县·九份·淡水,0,47
33,strivingzz的印度三十六日游线路,昆明·加尔各答·德里·阿格拉·斋普尔·瓦拉纳西·焦特布尔·孟买·克久拉霍·菩提伽耶·果阿·大吉岭·奥兰加巴德,0,57
38,lb870627的印度三十八日游线路,北京·德里·马图拉·阿格拉·婆罗多布尔·比卡内尔·孟买·菩提伽耶,0,43
38,lb870627的印度三十八日游线路,北京·德里·阿格拉·斋普尔·阿杰梅尔·乌代布尔·焦特布尔·杰伊瑟尔梅尔·列城·新德里·菩提伽耶·孟买,0,71
29,lizhaoyue的论坛行程单,台北·台中市·九份·大里·宜兰县·礁溪·亚庇·斗湖·仙本那·马六甲·吉隆坡·清迈·曼谷·香港·北京,0,58
,,,,
title_of_itin,num_of_view,num_of_reply,places,num_of_day
,,,,
